<?xml version="1.0" encoding="UTF-8"?>
<ApexPage xmlns="http://soap.sforce.com/2006/04/metadata">
    <apiVersion>29.0</apiVersion>
    <availableInTouch>false</availableInTouch>
    <confirmationTokenRequired>false</confirmationTokenRequired>
    <description>This page allows transferring an account from one user to another. When ownership of an account is transferred, the new owner will also gain ownership of related contacts without transferring Opportunities, Open activities, notes etc.</description>
    <label>AccountMassTransfer</label>
</ApexPage>
