<?xml version="1.0" encoding="UTF-8"?>
<ApexPage xmlns="http://soap.sforce.com/2006/04/metadata">
    <apiVersion>24.0</apiVersion>
    <availableInTouch>false</availableInTouch>
    <confirmationTokenRequired>false</confirmationTokenRequired>
    <description>Developed as part of Source System management.
Requirement - Enterprise Account View link from an account page layout shall display the entity tree to which the account belongs to. The tree contains all the source accounts that roll up to a master sales account (enterprise account)</description>
    <label>Enterprise Account View</label>
</ApexPage>
